termino,estimacion,error_std,estadistico_t,p_value,ic_low,ic_high,modelo
Intercept,4.162544431808023,4.366138987340998,0.9533696576945286,0.3482823451142148,-4.767212446773051,13.092301310389097,Modelo 1
pobreza_pct,0.02837948239580057,0.033196186908933126,0.854901873930696,0.39961329641502485,-0.03951434307612707,0.09627330786772821,Modelo 1
internet_hogares_pct,0.0666380608371053,0.048234807045990986,1.3815347239508422,0.17766664194716447,-0.032013196315906864,0.16528931799011748,Modelo 1
Intercept,8.113329953054649,7.014607841505382,1.156633433596692,0.2571953245276065,-6.255442846377903,22.4821027524872,Modelo 2
pobreza_pct,0.047108513365323956,0.04231568855248023,1.113263543068657,0.2750614822286719,-0.039571245275559844,0.13378827200620774,Modelo 2
internet_hogares_pct,0.031071109240960737,0.06915548046637951,0.4492935199266847,0.6566785173625985,-0.1105874708406526,0.17272968932257407,Modelo 2
rezago_edu_pct,-0.10911590517336561,0.15082743515824446,-0.7234486554709617,0.47540511934454366,-0.4180719005301728,0.19984009018344157,Modelo 2
