variable,r_pearson,p_value
brecha_genero,0.9954226413861139,3.7271422060010834e-32
internet_hogares_pct,0.22154645941083312,0.22299322469740068
pobreza_pct,-0.10682917090055899,0.5606049585296049
pobreza_ext_pct,-0.1551134213258127,0.3966097337692338
rezago_edu_pct,-0.20915836194713894,0.2506107399201549
