,abandono_total,pobreza_pct,pobreza_ext_pct,rezago_edu_pct,internet_hogares_pct,brecha_genero
abandono_total,1.0,-0.10682917090055873,-0.1551134213258125,-0.2091583619471388,0.22154645941083317,0.9954226413861137
pobreza_pct,-0.10682917090055873,1.0,0.8930506537529196,0.9077333447175658,-0.8479781086753485,-0.10463608099964265
pobreza_ext_pct,-0.1551134213258125,0.8930506537529196,1.0,0.8226783324170504,-0.8350066611078614,-0.16844864429934786
rezago_edu_pct,-0.2091583619471388,0.9077333447175658,0.8226783324170504,1.0,-0.9278245934852172,-0.20473723979086061
internet_hogares_pct,0.22154645941083317,-0.8479781086753485,-0.8350066611078614,-0.9278245934852172,1.0,0.22144534546065364
brecha_genero,0.9954226413861137,-0.10463608099964265,-0.16844864429934786,-0.20473723979086061,0.22144534546065364,1.0
