modelo,r2,r2_ajustado,aic,bic,n_obs
Modelo 1,0.07245870427439138,0.008490339051935747,116.0182985673985,120.41550627579768,32
Modelo 2,0.08947824064260768,-0.008077662145684394,117.42567392577061,123.28861753696951,32
